{
	"class_name" : "ViewTrajectory",
	"interval" : 29,
	"is_loop" : false,
	"trajectory" : 
	[
		{
			"boundingbox_max" : [ 52.214599999999997, 38.703800000000001, 42.848500000000001 ],
			"boundingbox_min" : [ -52.214599999999997, -38.703800000000001, -42.848500000000001 ],
			"field_of_view" : 60.0,
			"front" : [ 0.42141040136664804, 0.0, 0.90687004229933676 ],
			"lookat" : [ 0.0, 0.0, 0.0 ],
			"up" : [ -0.0, 1.0, 0.0 ],
			"zoom" : 0.69999999999999996
		}
	],
	"version_major" : 1,
	"version_minor" : 0
}