{
	"class_name" : "ViewTrajectory",
	"interval" : 29,
	"is_loop" : false,
	"trajectory" : 
	[
		{
			"boundingbox_max" : [ 52.214599999999997, 38.703800000000001, 42.848500000000001 ],
			"boundingbox_min" : [ -52.214599999999997, -38.703800000000001, -42.848500000000001 ],
			"field_of_view" : 60.0,
			"front" : [ -0.18115597848779288, 0.83158282319338805, 0.52502620851519843 ],
			"lookat" : [ 0.0, 0.0, 0.0 ],
			"up" : [ -0.041205221998211194, -0.53980848053833907, 0.84077876639397109 ],
			"zoom" : 0.69999999999999996
		}
	],
	"version_major" : 1,
	"version_minor" : 0
}