{
	"class_name" : "ViewTrajectory",
	"interval" : 29,
	"is_loop" : false,
	"trajectory" : 
	[
		{
			"boundingbox_max" : [ 50.395800000000001, 90.897900000000007, 96.867000000000004 ],
			"boundingbox_min" : [ -50.395800000000001, -90.897900000000007, -96.867000000000004 ],
			"field_of_view" : 60.0,
			"front" : [ -0.57775796768779952, -0.69360925422729824, 0.43023474199966116 ],
			"lookat" : [ 0.0, 0.0, 0.0 ],
			"up" : [ 0.27887083229207693, 0.327643160003114, 0.90270760415535345 ],
			"zoom" : 0.69999999999999996
		}
	],
	"version_major" : 1,
	"version_minor" : 0
}