{
	"class_name" : "ViewTrajectory",
	"interval" : 29,
	"is_loop" : false,
	"trajectory" : 
	[
		{
			"boundingbox_max" : [ 52.214599999999997, 38.703800000000001, 42.848500000000001 ],
			"boundingbox_min" : [ -52.214599999999997, -38.703800000000001, -42.848500000000001 ],
			"field_of_view" : 60.0,
			"front" : [ -0.019546088304544532, 0.70750412993177314, 0.70643885550093843 ],
			"lookat" : [ 0.0, 0.0, 0.0 ],
			"up" : [ 0.013665758992754382, 0.70669689099488731, -0.70738444377107457 ],
			"zoom" : 0.69999999999999996
		}
	],
	"version_major" : 1,
	"version_minor" : 0
}